File1,File2,Compatibilità%,Distanza,Status,Hash1,Hash2,Timestamp
binLaden2.jpeg,20250226-211959.png,40.33,0.119333,BASSA,5825ebe1e85120f0a77e800572a2843aded541bfa3410916f128e0fb37f1b5d4,0c660d2f49b31b59bd010f00349a1f2b346f10755767c48f0bc5bf7c245303a4,2025-11-07 12:30:47
binLaden2.jpeg,20250226-212105.png,0.00,0.297232,BASSA,5825ebe1e85120f0a77e800572a2843aded541bfa3410916f128e0fb37f1b5d4,06ad541ac9252e7bc887bbd8cd0f8af159b89a980949244892b7bfe63cef0062,2025-11-07 12:30:47
binLaden2.jpeg,20250226-212408.png,0.00,0.203018,BASSA,5825ebe1e85120f0a77e800572a2843aded541bfa3410916f128e0fb37f1b5d4,93c6cd89f6e44b083c17f8c913e4e64638dd00454fb00265e89a74ed489ff120,2025-11-07 12:30:47
binLaden2.jpeg,20250226-212511.png,0.00,0.279554,BASSA,5825ebe1e85120f0a77e800572a2843aded541bfa3410916f128e0fb37f1b5d4,3fcb58b8483a43b19af9ad3e17a84051e98919e4f91dd178208f3a289a936ffd,2025-11-07 12:30:47
binLaden2.jpeg,20250226-212621.png,0.00,0.209756,BASSA,5825ebe1e85120f0a77e800572a2843aded541bfa3410916f128e0fb37f1b5d4,b8d09609f936581737fa478406cd1072c44c150a46658991782e6aaa5e7e1ee1,2025-11-07 12:30:47
binLaden2.jpeg,20250226-213437.png,31.47,0.137068,BASSA,5825ebe1e85120f0a77e800572a2843aded541bfa3410916f128e0fb37f1b5d4,26de2165e0de62c4b5128229da9a1dbb6cf444446b380f346dbfac743042eb8f,2025-11-07 12:30:48
binLaden2.jpeg,20250303-212328.png,3.76,0.192479,BASSA,5825ebe1e85120f0a77e800572a2843aded541bfa3410916f128e0fb37f1b5d4,23b81d0d69a2dfdfc3e54cb2e9d7fcc5c0cdffffef57e9c28629dc6e6fe28370,2025-11-07 12:30:49
binLaden2.jpeg,20250303-212457.png,47.27,0.105467,BASSA,5825ebe1e85120f0a77e800572a2843aded541bfa3410916f128e0fb37f1b5d4,920e52656b2dae911921a3cb79320a6b2eaf71927ce27d9aa9f5b37065637f9d,2025-11-07 12:30:49
binLaden2.jpeg,20250303-212612.png,0.00,0.321901,BASSA,5825ebe1e85120f0a77e800572a2843aded541bfa3410916f128e0fb37f1b5d4,7f69d1384cc26f8e5943bcb3351cfa639eaa667c588a81d898fe71f2f3c0baa7,2025-11-07 12:30:49
binLaden2.jpeg,20250303-212751.png,33.88,0.132247,BASSA,5825ebe1e85120f0a77e800572a2843aded541bfa3410916f128e0fb37f1b5d4,74d7700ffd243f63f760c9e6103c3f223e753797c64d4e23d40b26c8fb06c4e0,2025-11-07 12:30:49
binLaden2.jpeg,20250304_005321_foto_webcam.png,0.00,0.200889,BASSA,5825ebe1e85120f0a77e800572a2843aded541bfa3410916f128e0fb37f1b5d4,f59720430518f083f9a664d021aae3924e36b6422c573c42b01d1a82cc7c2986,2025-11-07 12:30:49
binLaden2.jpeg,20250304_005813_foto_webcam.png,0.00,0.244617,BASSA,5825ebe1e85120f0a77e800572a2843aded541bfa3410916f128e0fb37f1b5d4,f1b4f16488748c3cc6b20d51ea1deff57500e928c40f22b6aaf01a340ce2c0b8,2025-11-07 12:30:49
binLaden2.jpeg,20250304_005813_foto_webcam_modificata.png,0.00,0.243640,BASSA,5825ebe1e85120f0a77e800572a2843aded541bfa3410916f128e0fb37f1b5d4,c187fa8ab2f2dcff5e6a30af8ff9f98c56f26c024fae4fcea50c618f05a184a7,2025-11-07 12:30:49
binLaden2.jpeg,20250304_010505_foto_webcam.png,13.66,0.172688,BASSA,5825ebe1e85120f0a77e800572a2843aded541bfa3410916f128e0fb37f1b5d4,86ceb045ca73c7a5d06e36b97ead2bca92a7c14d1ef448703f09cec745c120e2,2025-11-07 12:30:49
binLaden2.jpeg,20250304_010505_foto_webcam_migliorata.png,11.93,0.176141,BASSA,5825ebe1e85120f0a77e800572a2843aded541bfa3410916f128e0fb37f1b5d4,81dc5584b7cc736330a5302d6178b22ce6872948202167ee14eb2b8fe5338647,2025-11-07 12:30:49
binLaden2.jpeg,20250304_010727_foto_webcam.png,0.00,0.251698,BASSA,5825ebe1e85120f0a77e800572a2843aded541bfa3410916f128e0fb37f1b5d4,c6384255c2bb816690671b2bb586395e7d6dc8d1dd857d929c3e0bdfe079c1c0,2025-11-07 12:30:50
binLaden2.jpeg,20250304_010727_foto_webcam_migliorata.png,0.00,0.248505,BASSA,5825ebe1e85120f0a77e800572a2843aded541bfa3410916f128e0fb37f1b5d4,890001b7418d88d1f149f6c396d0f25a659039ee9bb92267cb11625b3921e5b4,2025-11-07 12:30:50
binLaden2.jpeg,20250306_144623_disegno.png,0.70,0.198591,BASSA,5825ebe1e85120f0a77e800572a2843aded541bfa3410916f128e0fb37f1b5d4,e79d3d309bf8ef301afe0fb4e3337032fa9415afd4b6d62d1e959254be70c189,2025-11-07 12:30:54
binLaden2.jpeg,20250310125318.jpg,0.00,0.359663,BASSA,5825ebe1e85120f0a77e800572a2843aded541bfa3410916f128e0fb37f1b5d4,ddb153a258ad01bbc7b97204179481e4574ab0c5111f4600c4a799b2bbc3f87b,2025-11-07 12:30:54
binLaden2.jpeg,MonicaBellucci2.jpeg,40.19,0.119621,BASSA,5825ebe1e85120f0a77e800572a2843aded541bfa3410916f128e0fb37f1b5d4,4e197f89161d043832726a3832b78653ba17f2578784903501d7f94de6a53efb,2025-11-07 12:30:55
binLaden2.jpeg,MonicaBellucci3.jpeg,8.14,0.183716,BASSA,5825ebe1e85120f0a77e800572a2843aded541bfa3410916f128e0fb37f1b5d4,fb87a2b5c10a2ecb248ba804654e151be77ba6806d6f3401f044cdf000558984,2025-11-07 12:30:55
binLaden2.jpeg,Screenshot 2025-08-01 alle 13.48.10.png,68.88,0.062239,MEDIA,5825ebe1e85120f0a77e800572a2843aded541bfa3410916f128e0fb37f1b5d4,15d6de14f645dac1081579521b20bf560de5333bf01f4c77c9aea501c0b1c039,2025-11-07 12:31:30
binLaden2.jpeg,Screenshot 2025-08-01 alle 13.48.50.png,55.96,0.088076,BASSA,5825ebe1e85120f0a77e800572a2843aded541bfa3410916f128e0fb37f1b5d4,9cbb8ae409563ebcdd981fb78a80df74f4245a28a0dbf4e1a0c20f2c8c3bb1f9,2025-11-07 12:31:31
binLaden2.jpeg,Screenshot 2025-08-01 alle 13.49.27.png,67.00,0.065997,MEDIA,5825ebe1e85120f0a77e800572a2843aded541bfa3410916f128e0fb37f1b5d4,3cef4d2111a004c9df2d2543296dbb336b7832ff893e8004334984924e79cf7e,2025-11-07 12:31:31
binLaden2.jpeg,Screenshot 2025-08-01 alle 13.50.22.png,31.71,0.136586,BASSA,5825ebe1e85120f0a77e800572a2843aded541bfa3410916f128e0fb37f1b5d4,036b35d744ae52a0acb78e6803f6d8fb582a342ac0637dd3c05c5b8150ed2f51,2025-11-07 12:31:31
binLaden2.jpeg,Screenshot 2025-08-01 alle 13.50.30.png,42.55,0.114897,BASSA,5825ebe1e85120f0a77e800572a2843aded541bfa3410916f128e0fb37f1b5d4,829e1b6745badf2689191df70e73ad757a9943ae1ccdd3d95f84c0bacbf7d51e,2025-11-07 12:31:31
binLaden2.jpeg,Screenshot 2025-08-01 alle 13.51.20.png,20.62,0.158760,BASSA,5825ebe1e85120f0a77e800572a2843aded541bfa3410916f128e0fb37f1b5d4,721a6b56eb984fc4685c8720caca7ef1a5db299ddc1b95a8fe625a61979ea0c3,2025-11-07 12:31:32
binLaden2.jpeg,Screenshot 2025-08-01 alle 13.52.56.png,16.03,0.167930,BASSA,5825ebe1e85120f0a77e800572a2843aded541bfa3410916f128e0fb37f1b5d4,098e7c6eae43a6b00ebbd41d8ff8d19105d3f0484d78501cf136b73ef023aa4e,2025-11-07 12:31:32
binLaden2.jpeg,Screenshot 2025-08-01 alle 13.53.48.png,23.12,0.153768,BASSA,5825ebe1e85120f0a77e800572a2843aded541bfa3410916f128e0fb37f1b5d4,0b00eed42d89e2440afb8132042562aba3ce5e3bfff6a3c76603bd0a96128f7e,2025-11-07 12:31:33
binLaden2.jpeg,Screenshot 2025-08-01 alle 13.54.40.png,26.97,0.146050,BASSA,5825ebe1e85120f0a77e800572a2843aded541bfa3410916f128e0fb37f1b5d4,39bff86f581ee3f2a1bbf4f944fcdb18c8817c2fe5d39c0204c8ed746d51a3c0,2025-11-07 12:31:33
binLaden2.jpeg,Screenshot 2025-08-01 alle 13.56.35.png,31.01,0.137985,BASSA,5825ebe1e85120f0a77e800572a2843aded541bfa3410916f128e0fb37f1b5d4,bfd673a79eedc76332c08959a5e7b09c4ce7b19a9243152783a4d90b21487337,2025-11-07 12:31:33
binLaden2.jpeg,Screenshot 2025-08-01 alle 13.58.21.png,0.00,0.215960,BASSA,5825ebe1e85120f0a77e800572a2843aded541bfa3410916f128e0fb37f1b5d4,830bee7c133c945a6807c527846d6720eacda99642ce7499f6dc8e7a88782e1f,2025-11-07 12:31:34
binLaden2.jpeg,Screenshot 2025-09-01 alle 11.01.47.png,0.00,0.207357,BASSA,5825ebe1e85120f0a77e800572a2843aded541bfa3410916f128e0fb37f1b5d4,36cb577ba29589e48fd51d916f744a48cbc5e8a443f69487ee79d94f42a9ddc9,2025-11-07 12:31:34
binLaden2.jpeg,binLaden2.jpeg,100.00,0.000000,ALTA,5825ebe1e85120f0a77e800572a2843aded541bfa3410916f128e0fb37f1b5d4,5825ebe1e85120f0a77e800572a2843aded541bfa3410916f128e0fb37f1b5d4,2025-11-07 12:31:34
binLaden2.jpeg,binladen1.jpeg,18.95,0.162104,BASSA,5825ebe1e85120f0a77e800572a2843aded541bfa3410916f128e0fb37f1b5d4,f4547c883291b0a64f0f83570a5a2a7ef8919c662dcf03394d7f128d4bffb9f4,2025-11-07 12:31:34
binLaden2.jpeg,binladen3.jpeg,1.05,0.197910,BASSA,5825ebe1e85120f0a77e800572a2843aded541bfa3410916f128e0fb37f1b5d4,5a432f19d4683810f9950d196f138c5a999aa2a3e511bc6503c8bfead1e1e0f2,2025-11-07 12:31:34
binLaden2.jpeg,binladen4.jpeg,21.26,0.157490,BASSA,5825ebe1e85120f0a77e800572a2843aded541bfa3410916f128e0fb37f1b5d4,e2907a462828d3ebdb702afa82c4f8c85e05448458d70b3032584eb12d3bedc4,2025-11-07 12:31:34
binLaden2.jpeg,binladen5.jpeg,52.89,0.094215,BASSA,5825ebe1e85120f0a77e800572a2843aded541bfa3410916f128e0fb37f1b5d4,49ad86c7f9e938a96dc666fa08a888073c59278c5c047cdf7da3c7aedcdc9364,2025-11-07 12:31:35
binLaden2.jpeg,binladen6.jpeg,0.00,0.204136,BASSA,5825ebe1e85120f0a77e800572a2843aded541bfa3410916f128e0fb37f1b5d4,a2ff8dc1717b749229150ccaf7c6b10abc8ed5b20bbcd87df8d0574b15329812,2025-11-07 12:31:35
binLaden2.jpeg,img-iUoulrLDBXxZSCCgsMCcJA7h.png,0.00,0.319097,BASSA,5825ebe1e85120f0a77e800572a2843aded541bfa3410916f128e0fb37f1b5d4,7cef67bcce204d4b0ab1da298f4feceb5d260abcc3eb7ad7555b504befaa8445,2025-11-07 12:31:35
binLaden2.jpeg,monicaBellucci1.jpeg,12.28,0.175439,BASSA,5825ebe1e85120f0a77e800572a2843aded541bfa3410916f128e0fb37f1b5d4,fdb9b6bc699243d3b6de43cfbb96522ee3a34a31eb562467c80ccadee9ba8ac8,2025-11-07 12:31:35
binLaden2.jpeg,monicaBellucci4.jpeg,63.90,0.072195,MEDIA,5825ebe1e85120f0a77e800572a2843aded541bfa3410916f128e0fb37f1b5d4,b0097f0efac0119faca983e662fa3dbff2680c692878ce27cc92794f58993e43,2025-11-07 12:31:35
binladen1.jpeg,20250226-211959.png,0.97,0.198063,BASSA,f4547c883291b0a64f0f83570a5a2a7ef8919c662dcf03394d7f128d4bffb9f4,0c660d2f49b31b59bd010f00349a1f2b346f10755767c48f0bc5bf7c245303a4,2025-11-07 12:31:37
binladen1.jpeg,20250226-212105.png,0.00,0.201564,BASSA,f4547c883291b0a64f0f83570a5a2a7ef8919c662dcf03394d7f128d4bffb9f4,06ad541ac9252e7bc887bbd8cd0f8af159b89a980949244892b7bfe63cef0062,2025-11-07 12:31:37
binladen1.jpeg,20250226-212408.png,0.00,0.311062,BASSA,f4547c883291b0a64f0f83570a5a2a7ef8919c662dcf03394d7f128d4bffb9f4,93c6cd89f6e44b083c17f8c913e4e64638dd00454fb00265e89a74ed489ff120,2025-11-07 12:31:37
binladen1.jpeg,20250226-212511.png,0.00,0.241925,BASSA,f4547c883291b0a64f0f83570a5a2a7ef8919c662dcf03394d7f128d4bffb9f4,3fcb58b8483a43b19af9ad3e17a84051e98919e4f91dd178208f3a289a936ffd,2025-11-07 12:31:37
binladen1.jpeg,20250226-212621.png,0.00,0.337024,BASSA,f4547c883291b0a64f0f83570a5a2a7ef8919c662dcf03394d7f128d4bffb9f4,b8d09609f936581737fa478406cd1072c44c150a46658991782e6aaa5e7e1ee1,2025-11-07 12:31:38
binladen1.jpeg,20250226-213437.png,56.56,0.086870,BASSA,f4547c883291b0a64f0f83570a5a2a7ef8919c662dcf03394d7f128d4bffb9f4,26de2165e0de62c4b5128229da9a1dbb6cf444446b380f346dbfac743042eb8f,2025-11-07 12:31:38
binladen1.jpeg,20250303-212328.png,0.00,0.308054,BASSA,f4547c883291b0a64f0f83570a5a2a7ef8919c662dcf03394d7f128d4bffb9f4,23b81d0d69a2dfdfc3e54cb2e9d7fcc5c0cdffffef57e9c28629dc6e6fe28370,2025-11-07 12:31:39
binladen1.jpeg,20250303-212457.png,28.75,0.142508,BASSA,f4547c883291b0a64f0f83570a5a2a7ef8919c662dcf03394d7f128d4bffb9f4,920e52656b2dae911921a3cb79320a6b2eaf71927ce27d9aa9f5b37065637f9d,2025-11-07 12:31:39
binladen1.jpeg,20250303-212612.png,0.00,0.339129,BASSA,f4547c883291b0a64f0f83570a5a2a7ef8919c662dcf03394d7f128d4bffb9f4,7f69d1384cc26f8e5943bcb3351cfa639eaa667c588a81d898fe71f2f3c0baa7,2025-11-07 12:31:39
binladen1.jpeg,20250303-212751.png,40.81,0.118385,BASSA,f4547c883291b0a64f0f83570a5a2a7ef8919c662dcf03394d7f128d4bffb9f4,74d7700ffd243f63f760c9e6103c3f223e753797c64d4e23d40b26c8fb06c4e0,2025-11-07 12:31:39
binladen1.jpeg,20250304_005321_foto_webcam.png,59.78,0.080447,BASSA,f4547c883291b0a64f0f83570a5a2a7ef8919c662dcf03394d7f128d4bffb9f4,f59720430518f083f9a664d021aae3924e36b6422c573c42b01d1a82cc7c2986,2025-11-07 12:31:39
binladen1.jpeg,20250304_005813_foto_webcam.png,47.46,0.105088,BASSA,f4547c883291b0a64f0f83570a5a2a7ef8919c662dcf03394d7f128d4bffb9f4,f1b4f16488748c3cc6b20d51ea1deff57500e928c40f22b6aaf01a340ce2c0b8,2025-11-07 12:31:39
binladen1.jpeg,20250304_005813_foto_webcam_modificata.png,48.10,0.103800,BASSA,f4547c883291b0a64f0f83570a5a2a7ef8919c662dcf03394d7f128d4bffb9f4,c187fa8ab2f2dcff5e6a30af8ff9f98c56f26c024fae4fcea50c618f05a184a7,2025-11-07 12:31:39
binladen1.jpeg,20250304_010505_foto_webcam.png,80.86,0.038272,ALTA,f4547c883291b0a64f0f83570a5a2a7ef8919c662dcf03394d7f128d4bffb9f4,86ceb045ca73c7a5d06e36b97ead2bca92a7c14d1ef448703f09cec745c120e2,2025-11-07 12:31:40
binladen1.jpeg,20250304_010505_foto_webcam_migliorata.png,81.28,0.037434,ALTA,f4547c883291b0a64f0f83570a5a2a7ef8919c662dcf03394d7f128d4bffb9f4,81dc5584b7cc736330a5302d6178b22ce6872948202167ee14eb2b8fe5338647,2025-11-07 12:31:40
binladen1.jpeg,20250304_010727_foto_webcam.png,8.16,0.183688,BASSA,f4547c883291b0a64f0f83570a5a2a7ef8919c662dcf03394d7f128d4bffb9f4,c6384255c2bb816690671b2bb586395e7d6dc8d1dd857d929c3e0bdfe079c1c0,2025-11-07 12:31:40
binladen1.jpeg,20250304_010727_foto_webcam_migliorata.png,9.71,0.180585,BASSA,f4547c883291b0a64f0f83570a5a2a7ef8919c662dcf03394d7f128d4bffb9f4,890001b7418d88d1f149f6c396d0f25a659039ee9bb92267cb11625b3921e5b4,2025-11-07 12:31:40
binladen1.jpeg,20250306_144623_disegno.png,0.00,0.301467,BASSA,f4547c883291b0a64f0f83570a5a2a7ef8919c662dcf03394d7f128d4bffb9f4,e79d3d309bf8ef301afe0fb4e3337032fa9415afd4b6d62d1e959254be70c189,2025-11-07 12:31:45
binladen1.jpeg,20250310125318.jpg,0.00,0.321954,BASSA,f4547c883291b0a64f0f83570a5a2a7ef8919c662dcf03394d7f128d4bffb9f4,ddb153a258ad01bbc7b97204179481e4574ab0c5111f4600c4a799b2bbc3f87b,2025-11-07 12:31:45
binladen1.jpeg,MonicaBellucci2.jpeg,19.33,0.161340,BASSA,f4547c883291b0a64f0f83570a5a2a7ef8919c662dcf03394d7f128d4bffb9f4,4e197f89161d043832726a3832b78653ba17f2578784903501d7f94de6a53efb,2025-11-07 12:31:46
binladen1.jpeg,MonicaBellucci3.jpeg,0.00,0.287783,BASSA,f4547c883291b0a64f0f83570a5a2a7ef8919c662dcf03394d7f128d4bffb9f4,fb87a2b5c10a2ecb248ba804654e151be77ba6806d6f3401f044cdf000558984,2025-11-07 12:31:46
binladen1.jpeg,Screenshot 2025-08-01 alle 13.48.10.png,42.84,0.114329,BASSA,f4547c883291b0a64f0f83570a5a2a7ef8919c662dcf03394d7f128d4bffb9f4,15d6de14f645dac1081579521b20bf560de5333bf01f4c77c9aea501c0b1c039,2025-11-07 12:32:22
binladen1.jpeg,Screenshot 2025-08-01 alle 13.48.50.png,58.53,0.082936,BASSA,f4547c883291b0a64f0f83570a5a2a7ef8919c662dcf03394d7f128d4bffb9f4,9cbb8ae409563ebcdd981fb78a80df74f4245a28a0dbf4e1a0c20f2c8c3bb1f9,2025-11-07 12:32:22
binladen1.jpeg,Screenshot 2025-08-01 alle 13.49.27.png,46.82,0.106360,BASSA,f4547c883291b0a64f0f83570a5a2a7ef8919c662dcf03394d7f128d4bffb9f4,3cef4d2111a004c9df2d2543296dbb336b7832ff893e8004334984924e79cf7e,2025-11-07 12:32:22
binladen1.jpeg,Screenshot 2025-08-01 alle 13.50.22.png,81.70,0.036603,ALTA,f4547c883291b0a64f0f83570a5a2a7ef8919c662dcf03394d7f128d4bffb9f4,036b35d744ae52a0acb78e6803f6d8fb582a342ac0637dd3c05c5b8150ed2f51,2025-11-07 12:32:23
binladen1.jpeg,Screenshot 2025-08-01 alle 13.50.30.png,72.45,0.055106,MEDIA,f4547c883291b0a64f0f83570a5a2a7ef8919c662dcf03394d7f128d4bffb9f4,829e1b6745badf2689191df70e73ad757a9943ae1ccdd3d95f84c0bacbf7d51e,2025-11-07 12:32:23
binladen1.jpeg,Screenshot 2025-08-01 alle 13.51.20.png,76.06,0.047885,MEDIA,f4547c883291b0a64f0f83570a5a2a7ef8919c662dcf03394d7f128d4bffb9f4,721a6b56eb984fc4685c8720caca7ef1a5db299ddc1b95a8fe625a61979ea0c3,2025-11-07 12:32:23
binladen1.jpeg,Screenshot 2025-08-01 alle 13.52.56.png,75.01,0.049983,MEDIA,f4547c883291b0a64f0f83570a5a2a7ef8919c662dcf03394d7f128d4bffb9f4,098e7c6eae43a6b00ebbd41d8ff8d19105d3f0484d78501cf136b73ef023aa4e,2025-11-07 12:32:24
binladen1.jpeg,Screenshot 2025-08-01 alle 13.53.48.png,78.37,0.043250,MEDIA,f4547c883291b0a64f0f83570a5a2a7ef8919c662dcf03394d7f128d4bffb9f4,0b00eed42d89e2440afb8132042562aba3ce5e3bfff6a3c76603bd0a96128f7e,2025-11-07 12:32:24
binladen1.jpeg,Screenshot 2025-08-01 alle 13.54.40.png,83.77,0.032454,ALTA,f4547c883291b0a64f0f83570a5a2a7ef8919c662dcf03394d7f128d4bffb9f4,39bff86f581ee3f2a1bbf4f944fcdb18c8817c2fe5d39c0204c8ed746d51a3c0,2025-11-07 12:32:24
binladen1.jpeg,Screenshot 2025-08-01 alle 13.56.35.png,85.85,0.028291,ALTA,f4547c883291b0a64f0f83570a5a2a7ef8919c662dcf03394d7f128d4bffb9f4,bfd673a79eedc76332c08959a5e7b09c4ce7b19a9243152783a4d90b21487337,2025-11-07 12:32:25
binladen1.jpeg,Screenshot 2025-08-01 alle 13.58.21.png,53.45,0.093106,BASSA,f4547c883291b0a64f0f83570a5a2a7ef8919c662dcf03394d7f128d4bffb9f4,830bee7c133c945a6807c527846d6720eacda99642ce7499f6dc8e7a88782e1f,2025-11-07 12:32:25
binladen1.jpeg,Screenshot 2025-09-01 alle 11.01.47.png,12.77,0.174454,BASSA,f4547c883291b0a64f0f83570a5a2a7ef8919c662dcf03394d7f128d4bffb9f4,36cb577ba29589e48fd51d916f744a48cbc5e8a443f69487ee79d94f42a9ddc9,2025-11-07 12:32:25
binladen1.jpeg,binLaden2.jpeg,18.95,0.162104,BASSA,f4547c883291b0a64f0f83570a5a2a7ef8919c662dcf03394d7f128d4bffb9f4,5825ebe1e85120f0a77e800572a2843aded541bfa3410916f128e0fb37f1b5d4,2025-11-07 12:32:26
binladen1.jpeg,binladen1.jpeg,100.00,0.000000,ALTA,f4547c883291b0a64f0f83570a5a2a7ef8919c662dcf03394d7f128d4bffb9f4,f4547c883291b0a64f0f83570a5a2a7ef8919c662dcf03394d7f128d4bffb9f4,2025-11-07 12:32:26
binladen1.jpeg,binladen3.jpeg,44.42,0.111164,BASSA,f4547c883291b0a64f0f83570a5a2a7ef8919c662dcf03394d7f128d4bffb9f4,5a432f19d4683810f9950d196f138c5a999aa2a3e511bc6503c8bfead1e1e0f2,2025-11-07 12:32:26
binladen1.jpeg,binladen4.jpeg,34.40,0.131205,BASSA,f4547c883291b0a64f0f83570a5a2a7ef8919c662dcf03394d7f128d4bffb9f4,e2907a462828d3ebdb702afa82c4f8c85e05448458d70b3032584eb12d3bedc4,2025-11-07 12:32:26
binladen1.jpeg,binladen5.jpeg,5.67,0.188663,BASSA,f4547c883291b0a64f0f83570a5a2a7ef8919c662dcf03394d7f128d4bffb9f4,49ad86c7f9e938a96dc666fa08a888073c59278c5c047cdf7da3c7aedcdc9364,2025-11-07 12:32:26
binladen1.jpeg,binladen6.jpeg,71.05,0.057895,MEDIA,f4547c883291b0a64f0f83570a5a2a7ef8919c662dcf03394d7f128d4bffb9f4,a2ff8dc1717b749229150ccaf7c6b10abc8ed5b20bbcd87df8d0574b15329812,2025-11-07 12:32:26
binladen1.jpeg,img-iUoulrLDBXxZSCCgsMCcJA7h.png,0.00,0.445268,BASSA,f4547c883291b0a64f0f83570a5a2a7ef8919c662dcf03394d7f128d4bffb9f4,7cef67bcce204d4b0ab1da298f4feceb5d260abcc3eb7ad7555b504befaa8445,2025-11-07 12:32:27
binladen1.jpeg,monicaBellucci1.jpeg,72.78,0.054448,MEDIA,f4547c883291b0a64f0f83570a5a2a7ef8919c662dcf03394d7f128d4bffb9f4,fdb9b6bc699243d3b6de43cfbb96522ee3a34a31eb562467c80ccadee9ba8ac8,2025-11-07 12:32:27
binladen1.jpeg,monicaBellucci4.jpeg,4.28,0.191447,BASSA,f4547c883291b0a64f0f83570a5a2a7ef8919c662dcf03394d7f128d4bffb9f4,b0097f0efac0119faca983e662fa3dbff2680c692878ce27cc92794f58993e43,2025-11-07 12:32:27
binladen3.jpeg,20250226-211959.png,0.00,0.200664,BASSA,5a432f19d4683810f9950d196f138c5a999aa2a3e511bc6503c8bfead1e1e0f2,0c660d2f49b31b59bd010f00349a1f2b346f10755767c48f0bc5bf7c245303a4,2025-11-07 12:32:29
binladen3.jpeg,20250226-212105.png,29.17,0.141663,BASSA,5a432f19d4683810f9950d196f138c5a999aa2a3e511bc6503c8bfead1e1e0f2,06ad541ac9252e7bc887bbd8cd0f8af159b89a980949244892b7bfe63cef0062,2025-11-07 12:32:29
binladen3.jpeg,20250226-212408.png,0.00,0.367578,BASSA,5a432f19d4683810f9950d196f138c5a999aa2a3e511bc6503c8bfead1e1e0f2,93c6cd89f6e44b083c17f8c913e4e64638dd00454fb00265e89a74ed489ff120,2025-11-07 12:32:29
binladen3.jpeg,20250226-212511.png,5.85,0.188304,BASSA,5a432f19d4683810f9950d196f138c5a999aa2a3e511bc6503c8bfead1e1e0f2,3fcb58b8483a43b19af9ad3e17a84051e98919e4f91dd178208f3a289a936ffd,2025-11-07 12:32:29
binladen3.jpeg,20250226-212621.png,0.00,0.390354,BASSA,5a432f19d4683810f9950d196f138c5a999aa2a3e511bc6503c8bfead1e1e0f2,b8d09609f936581737fa478406cd1072c44c150a46658991782e6aaa5e7e1ee1,2025-11-07 12:32:29
binladen3.jpeg,20250226-213437.png,47.74,0.104515,BASSA,5a432f19d4683810f9950d196f138c5a999aa2a3e511bc6503c8bfead1e1e0f2,26de2165e0de62c4b5128229da9a1dbb6cf444446b380f346dbfac743042eb8f,2025-11-07 12:32:29
binladen3.jpeg,20250303-212328.png,0.00,0.366587,BASSA,5a432f19d4683810f9950d196f138c5a999aa2a3e511bc6503c8bfead1e1e0f2,23b81d0d69a2dfdfc3e54cb2e9d7fcc5c0cdffffef57e9c28629dc6e6fe28370,2025-11-07 12:32:30
binladen3.jpeg,20250303-212457.png,28.70,0.142593,BASSA,5a432f19d4683810f9950d196f138c5a999aa2a3e511bc6503c8bfead1e1e0f2,920e52656b2dae911921a3cb79320a6b2eaf71927ce27d9aa9f5b37065637f9d,2025-11-07 12:32:30
binladen3.jpeg,20250303-212612.png,0.00,0.290255,BASSA,5a432f19d4683810f9950d196f138c5a999aa2a3e511bc6503c8bfead1e1e0f2,7f69d1384cc26f8e5943bcb3351cfa639eaa667c588a81d898fe71f2f3c0baa7,2025-11-07 12:32:30
binladen3.jpeg,20250303-212751.png,39.85,0.120291,BASSA,5a432f19d4683810f9950d196f138c5a999aa2a3e511bc6503c8bfead1e1e0f2,74d7700ffd243f63f760c9e6103c3f223e753797c64d4e23d40b26c8fb06c4e0,2025-11-07 12:32:30
binladen3.jpeg,20250304_005321_foto_webcam.png,29.65,0.140693,BASSA,5a432f19d4683810f9950d196f138c5a999aa2a3e511bc6503c8bfead1e1e0f2,f59720430518f083f9a664d021aae3924e36b6422c573c42b01d1a82cc7c2986,2025-11-07 12:32:31
binladen3.jpeg,20250304_005813_foto_webcam.png,25.07,0.149864,BASSA,5a432f19d4683810f9950d196f138c5a999aa2a3e511bc6503c8bfead1e1e0f2,f1b4f16488748c3cc6b20d51ea1deff57500e928c40f22b6aaf01a340ce2c0b8,2025-11-07 12:32:31
binladen3.jpeg,20250304_005813_foto_webcam_modificata.png,25.34,0.149310,BASSA,5a432f19d4683810f9950d196f138c5a999aa2a3e511bc6503c8bfead1e1e0f2,c187fa8ab2f2dcff5e6a30af8ff9f98c56f26c024fae4fcea50c618f05a184a7,2025-11-07 12:32:31
binladen3.jpeg,20250304_010505_foto_webcam.png,41.74,0.116527,BASSA,5a432f19d4683810f9950d196f138c5a999aa2a3e511bc6503c8bfead1e1e0f2,86ceb045ca73c7a5d06e36b97ead2bca92a7c14d1ef448703f09cec745c120e2,2025-11-07 12:32:31
binladen3.jpeg,20250304_010505_foto_webcam_migliorata.png,42.18,0.115646,BASSA,5a432f19d4683810f9950d196f138c5a999aa2a3e511bc6503c8bfead1e1e0f2,81dc5584b7cc736330a5302d6178b22ce6872948202167ee14eb2b8fe5338647,2025-11-07 12:32:31
binladen3.jpeg,20250304_010727_foto_webcam.png,0.00,0.258359,BASSA,5a432f19d4683810f9950d196f138c5a999aa2a3e511bc6503c8bfead1e1e0f2,c6384255c2bb816690671b2bb586395e7d6dc8d1dd857d929c3e0bdfe079c1c0,2025-11-07 12:32:31
binladen3.jpeg,20250304_010727_foto_webcam_migliorata.png,0.00,0.256718,BASSA,5a432f19d4683810f9950d196f138c5a999aa2a3e511bc6503c8bfead1e1e0f2,890001b7418d88d1f149f6c396d0f25a659039ee9bb92267cb11625b3921e5b4,2025-11-07 12:32:31
binladen3.jpeg,20250306_144623_disegno.png,0.00,0.295683,BASSA,5a432f19d4683810f9950d196f138c5a999aa2a3e511bc6503c8bfead1e1e0f2,e79d3d309bf8ef301afe0fb4e3337032fa9415afd4b6d62d1e959254be70c189,2025-11-07 12:32:36
binladen3.jpeg,20250310125318.jpg,0.00,0.268789,BASSA,5a432f19d4683810f9950d196f138c5a999aa2a3e511bc6503c8bfead1e1e0f2,ddb153a258ad01bbc7b97204179481e4574ab0c5111f4600c4a799b2bbc3f87b,2025-11-07 12:32:36
binladen3.jpeg,MonicaBellucci2.jpeg,0.00,0.213450,BASSA,5a432f19d4683810f9950d196f138c5a999aa2a3e511bc6503c8bfead1e1e0f2,4e197f89161d043832726a3832b78653ba17f2578784903501d7f94de6a53efb,2025-11-07 12:32:37
binladen3.jpeg,MonicaBellucci3.jpeg,0.00,0.279391,BASSA,5a432f19d4683810f9950d196f138c5a999aa2a3e511bc6503c8bfead1e1e0f2,fb87a2b5c10a2ecb248ba804654e151be77ba6806d6f3401f044cdf000558984,2025-11-07 12:32:37
binladen3.jpeg,Screenshot 2025-08-01 alle 13.48.10.png,16.56,0.166879,BASSA,5a432f19d4683810f9950d196f138c5a999aa2a3e511bc6503c8bfead1e1e0f2,15d6de14f645dac1081579521b20bf560de5333bf01f4c77c9aea501c0b1c039,2025-11-07 12:33:15
binladen3.jpeg,Screenshot 2025-08-01 alle 13.48.50.png,36.35,0.127304,BASSA,5a432f19d4683810f9950d196f138c5a999aa2a3e511bc6503c8bfead1e1e0f2,9cbb8ae409563ebcdd981fb78a80df74f4245a28a0dbf4e1a0c20f2c8c3bb1f9,2025-11-07 12:33:16
binladen3.jpeg,Screenshot 2025-08-01 alle 13.49.27.png,24.69,0.150623,BASSA,5a432f19d4683810f9950d196f138c5a999aa2a3e511bc6503c8bfead1e1e0f2,3cef4d2111a004c9df2d2543296dbb336b7832ff893e8004334984924e79cf7e,2025-11-07 12:33:16
binladen3.jpeg,Screenshot 2025-08-01 alle 13.50.22.png,42.32,0.115367,BASSA,5a432f19d4683810f9950d196f138c5a999aa2a3e511bc6503c8bfead1e1e0f2,036b35d744ae52a0acb78e6803f6d8fb582a342ac0637dd3c05c5b8150ed2f51,2025-11-07 12:33:16
binladen3.jpeg,Screenshot 2025-08-01 alle 13.50.30.png,40.95,0.118091,BASSA,5a432f19d4683810f9950d196f138c5a999aa2a3e511bc6503c8bfead1e1e0f2,829e1b6745badf2689191df70e73ad757a9943ae1ccdd3d95f84c0bacbf7d51e,2025-11-07 12:33:17
binladen3.jpeg,Screenshot 2025-08-01 alle 13.51.20.png,38.38,0.123248,BASSA,5a432f19d4683810f9950d196f138c5a999aa2a3e511bc6503c8bfead1e1e0f2,721a6b56eb984fc4685c8720caca7ef1a5db299ddc1b95a8fe625a61979ea0c3,2025-11-07 12:33:17
binladen3.jpeg,Screenshot 2025-08-01 alle 13.52.56.png,39.29,0.121423,BASSA,5a432f19d4683810f9950d196f138c5a999aa2a3e511bc6503c8bfead1e1e0f2,098e7c6eae43a6b00ebbd41d8ff8d19105d3f0484d78501cf136b73ef023aa4e,2025-11-07 12:33:17
binladen3.jpeg,Screenshot 2025-08-01 alle 13.53.48.png,56.27,0.087468,BASSA,5a432f19d4683810f9950d196f138c5a999aa2a3e511bc6503c8bfead1e1e0f2,0b00eed42d89e2440afb8132042562aba3ce5e3bfff6a3c76603bd0a96128f7e,2025-11-07 12:33:18
binladen3.jpeg,Screenshot 2025-08-01 alle 13.54.40.png,49.16,0.101676,BASSA,5a432f19d4683810f9950d196f138c5a999aa2a3e511bc6503c8bfead1e1e0f2,39bff86f581ee3f2a1bbf4f944fcdb18c8817c2fe5d39c0204c8ed746d51a3c0,2025-11-07 12:33:18
binladen3.jpeg,Screenshot 2025-08-01 alle 13.56.35.png,46.33,0.107344,BASSA,5a432f19d4683810f9950d196f138c5a999aa2a3e511bc6503c8bfead1e1e0f2,bfd673a79eedc76332c08959a5e7b09c4ce7b19a9243152783a4d90b21487337,2025-11-07 12:33:18
binladen3.jpeg,Screenshot 2025-08-01 alle 13.58.21.png,20.44,0.159127,BASSA,5a432f19d4683810f9950d196f138c5a999aa2a3e511bc6503c8bfead1e1e0f2,830bee7c133c945a6807c527846d6720eacda99642ce7499f6dc8e7a88782e1f,2025-11-07 12:33:19
binladen3.jpeg,Screenshot 2025-09-01 alle 11.01.47.png,16.63,0.166745,BASSA,5a432f19d4683810f9950d196f138c5a999aa2a3e511bc6503c8bfead1e1e0f2,36cb577ba29589e48fd51d916f744a48cbc5e8a443f69487ee79d94f42a9ddc9,2025-11-07 12:33:19
binladen3.jpeg,binLaden2.jpeg,1.05,0.197910,BASSA,5a432f19d4683810f9950d196f138c5a999aa2a3e511bc6503c8bfead1e1e0f2,5825ebe1e85120f0a77e800572a2843aded541bfa3410916f128e0fb37f1b5d4,2025-11-07 12:33:19
binladen3.jpeg,binladen1.jpeg,44.42,0.111164,BASSA,5a432f19d4683810f9950d196f138c5a999aa2a3e511bc6503c8bfead1e1e0f2,f4547c883291b0a64f0f83570a5a2a7ef8919c662dcf03394d7f128d4bffb9f4,2025-11-07 12:33:19
binladen3.jpeg,binladen3.jpeg,100.00,0.000000,ALTA,5a432f19d4683810f9950d196f138c5a999aa2a3e511bc6503c8bfead1e1e0f2,5a432f19d4683810f9950d196f138c5a999aa2a3e511bc6503c8bfead1e1e0f2,2025-11-07 12:33:19
binladen3.jpeg,binladen4.jpeg,56.98,0.086042,BASSA,5a432f19d4683810f9950d196f138c5a999aa2a3e511bc6503c8bfead1e1e0f2,e2907a462828d3ebdb702afa82c4f8c85e05448458d70b3032584eb12d3bedc4,2025-11-07 12:33:19
binladen3.jpeg,binladen5.jpeg,0.00,0.243058,BASSA,5a432f19d4683810f9950d196f138c5a999aa2a3e511bc6503c8bfead1e1e0f2,49ad86c7f9e938a96dc666fa08a888073c59278c5c047cdf7da3c7aedcdc9364,2025-11-07 12:33:20
binladen3.jpeg,binladen6.jpeg,31.64,0.136724,BASSA,5a432f19d4683810f9950d196f138c5a999aa2a3e511bc6503c8bfead1e1e0f2,a2ff8dc1717b749229150ccaf7c6b10abc8ed5b20bbcd87df8d0574b15329812,2025-11-07 12:33:20
binladen3.jpeg,img-iUoulrLDBXxZSCCgsMCcJA7h.png,0.00,0.435081,BASSA,5a432f19d4683810f9950d196f138c5a999aa2a3e511bc6503c8bfead1e1e0f2,7cef67bcce204d4b0ab1da298f4feceb5d260abcc3eb7ad7555b504befaa8445,2025-11-07 12:33:20
binladen3.jpeg,monicaBellucci1.jpeg,57.36,0.085278,BASSA,5a432f19d4683810f9950d196f138c5a999aa2a3e511bc6503c8bfead1e1e0f2,fdb9b6bc699243d3b6de43cfbb96522ee3a34a31eb562467c80ccadee9ba8ac8,2025-11-07 12:33:20
binladen3.jpeg,monicaBellucci4.jpeg,1.20,0.197598,BASSA,5a432f19d4683810f9950d196f138c5a999aa2a3e511bc6503c8bfead1e1e0f2,b0097f0efac0119faca983e662fa3dbff2680c692878ce27cc92794f58993e43,2025-11-07 12:33:20
binladen4.jpeg,20250226-211959.png,34.28,0.131447,BASSA,e2907a462828d3ebdb702afa82c4f8c85e05448458d70b3032584eb12d3bedc4,0c660d2f49b31b59bd010f00349a1f2b346f10755767c48f0bc5bf7c245303a4,2025-11-07 12:33:22
binladen4.jpeg,20250226-212105.png,25.11,0.149789,BASSA,e2907a462828d3ebdb702afa82c4f8c85e05448458d70b3032584eb12d3bedc4,06ad541ac9252e7bc887bbd8cd0f8af159b89a980949244892b7bfe63cef0062,2025-11-07 12:33:22
binladen4.jpeg,20250226-212408.png,0.00,0.352737,BASSA,e2907a462828d3ebdb702afa82c4f8c85e05448458d70b3032584eb12d3bedc4,93c6cd89f6e44b083c17f8c913e4e64638dd00454fb00265e89a74ed489ff120,2025-11-07 12:33:22
binladen4.jpeg,20250226-212511.png,30.97,0.138056,BASSA,e2907a462828d3ebdb702afa82c4f8c85e05448458d70b3032584eb12d3bedc4,3fcb58b8483a43b19af9ad3e17a84051e98919e4f91dd178208f3a289a936ffd,2025-11-07 12:33:22
binladen4.jpeg,20250226-212621.png,0.00,0.359361,BASSA,e2907a462828d3ebdb702afa82c4f8c85e05448458d70b3032584eb12d3bedc4,b8d09609f936581737fa478406cd1072c44c150a46658991782e6aaa5e7e1ee1,2025-11-07 12:33:23
binladen4.jpeg,20250226-213437.png,32.27,0.135461,BASSA,e2907a462828d3ebdb702afa82c4f8c85e05448458d70b3032584eb12d3bedc4,26de2165e0de62c4b5128229da9a1dbb6cf444446b380f346dbfac743042eb8f,2025-11-07 12:33:23
binladen4.jpeg,20250303-212328.png,0.00,0.334935,BASSA,e2907a462828d3ebdb702afa82c4f8c85e05448458d70b3032584eb12d3bedc4,23b81d0d69a2dfdfc3e54cb2e9d7fcc5c0cdffffef57e9c28629dc6e6fe28370,2025-11-07 12:33:24
binladen4.jpeg,20250303-212457.png,58.67,0.082662,BASSA,e2907a462828d3ebdb702afa82c4f8c85e05448458d70b3032584eb12d3bedc4,920e52656b2dae911921a3cb79320a6b2eaf71927ce27d9aa9f5b37065637f9d,2025-11-07 12:33:24
binladen4.jpeg,20250303-212612.png,0.00,0.225171,BASSA,e2907a462828d3ebdb702afa82c4f8c85e05448458d70b3032584eb12d3bedc4,7f69d1384cc26f8e5943bcb3351cfa639eaa667c588a81d898fe71f2f3c0baa7,2025-11-07 12:33:24
binladen4.jpeg,20250303-212751.png,68.18,0.063635,MEDIA,e2907a462828d3ebdb702afa82c4f8c85e05448458d70b3032584eb12d3bedc4,74d7700ffd243f63f760c9e6103c3f223e753797c64d4e23d40b26c8fb06c4e0,2025-11-07 12:33:24
binladen4.jpeg,20250304_005321_foto_webcam.png,6.44,0.187110,BASSA,e2907a462828d3ebdb702afa82c4f8c85e05448458d70b3032584eb12d3bedc4,f59720430518f083f9a664d021aae3924e36b6422c573c42b01d1a82cc7c2986,2025-11-07 12:33:24
binladen4.jpeg,20250304_005813_foto_webcam.png,0.00,0.213509,BASSA,e2907a462828d3ebdb702afa82c4f8c85e05448458d70b3032584eb12d3bedc4,f1b4f16488748c3cc6b20d51ea1deff57500e928c40f22b6aaf01a340ce2c0b8,2025-11-07 12:33:24
binladen4.jpeg,20250304_005813_foto_webcam_modificata.png,0.00,0.211929,BASSA,e2907a462828d3ebdb702afa82c4f8c85e05448458d70b3032584eb12d3bedc4,c187fa8ab2f2dcff5e6a30af8ff9f98c56f26c024fae4fcea50c618f05a184a7,2025-11-07 12:33:24
binladen4.jpeg,20250304_010505_foto_webcam.png,27.50,0.144991,BASSA,e2907a462828d3ebdb702afa82c4f8c85e05448458d70b3032584eb12d3bedc4,86ceb045ca73c7a5d06e36b97ead2bca92a7c14d1ef448703f09cec745c120e2,2025-11-07 12:33:25
binladen4.jpeg,20250304_010505_foto_webcam_migliorata.png,27.35,0.145309,BASSA,e2907a462828d3ebdb702afa82c4f8c85e05448458d70b3032584eb12d3bedc4,81dc5584b7cc736330a5302d6178b22ce6872948202167ee14eb2b8fe5338647,2025-11-07 12:33:25
binladen4.jpeg,20250304_010727_foto_webcam.png,0.00,0.303877,BASSA,e2907a462828d3ebdb702afa82c4f8c85e05448458d70b3032584eb12d3bedc4,c6384255c2bb816690671b2bb586395e7d6dc8d1dd857d929c3e0bdfe079c1c0,2025-11-07 12:33:25
binladen4.jpeg,20250304_010727_foto_webcam_migliorata.png,0.00,0.300948,BASSA,e2907a462828d3ebdb702afa82c4f8c85e05448458d70b3032584eb12d3bedc4,890001b7418d88d1f149f6c396d0f25a659039ee9bb92267cb11625b3921e5b4,2025-11-07 12:33:25
binladen4.jpeg,20250306_144623_disegno.png,0.00,0.223845,BASSA,e2907a462828d3ebdb702afa82c4f8c85e05448458d70b3032584eb12d3bedc4,e79d3d309bf8ef301afe0fb4e3337032fa9415afd4b6d62d1e959254be70c189,2025-11-07 12:33:30
binladen4.jpeg,20250310125318.jpg,0.00,0.221876,BASSA,e2907a462828d3ebdb702afa82c4f8c85e05448458d70b3032584eb12d3bedc4,ddb153a258ad01bbc7b97204179481e4574ab0c5111f4600c4a799b2bbc3f87b,2025-11-07 12:33:30
binladen4.jpeg,MonicaBellucci2.jpeg,0.00,0.226015,BASSA,e2907a462828d3ebdb702afa82c4f8c85e05448458d70b3032584eb12d3bedc4,4e197f89161d043832726a3832b78653ba17f2578784903501d7f94de6a53efb,2025-11-07 12:33:31
binladen4.jpeg,MonicaBellucci3.jpeg,0.00,0.207961,BASSA,e2907a462828d3ebdb702afa82c4f8c85e05448458d70b3032584eb12d3bedc4,fb87a2b5c10a2ecb248ba804654e151be77ba6806d6f3401f044cdf000558984,2025-11-07 12:33:31
binladen4.jpeg,Screenshot 2025-08-01 alle 13.48.10.png,28.56,0.142877,BASSA,e2907a462828d3ebdb702afa82c4f8c85e05448458d70b3032584eb12d3bedc4,15d6de14f645dac1081579521b20bf560de5333bf01f4c77c9aea501c0b1c039,2025-11-07 12:34:07
binladen4.jpeg,Screenshot 2025-08-01 alle 13.48.50.png,49.91,0.100175,BASSA,e2907a462828d3ebdb702afa82c4f8c85e05448458d70b3032584eb12d3bedc4,9cbb8ae409563ebcdd981fb78a80df74f4245a28a0dbf4e1a0c20f2c8c3bb1f9,2025-11-07 12:34:07
binladen4.jpeg,Screenshot 2025-08-01 alle 13.49.27.png,36.85,0.126296,BASSA,e2907a462828d3ebdb702afa82c4f8c85e05448458d70b3032584eb12d3bedc4,3cef4d2111a004c9df2d2543296dbb336b7832ff893e8004334984924e79cf7e,2025-11-07 12:34:08
binladen4.jpeg,Screenshot 2025-08-01 alle 13.50.22.png,33.70,0.132591,BASSA,e2907a462828d3ebdb702afa82c4f8c85e05448458d70b3032584eb12d3bedc4,036b35d744ae52a0acb78e6803f6d8fb582a342ac0637dd3c05c5b8150ed2f51,2025-11-07 12:34:08
binladen4.jpeg,Screenshot 2025-08-01 alle 13.50.30.png,41.79,0.116419,BASSA,e2907a462828d3ebdb702afa82c4f8c85e05448458d70b3032584eb12d3bedc4,829e1b6745badf2689191df70e73ad757a9943ae1ccdd3d95f84c0bacbf7d51e,2025-11-07 12:34:08
binladen4.jpeg,Screenshot 2025-08-01 alle 13.51.20.png,20.08,0.159835,BASSA,e2907a462828d3ebdb702afa82c4f8c85e05448458d70b3032584eb12d3bedc4,721a6b56eb984fc4685c8720caca7ef1a5db299ddc1b95a8fe625a61979ea0c3,2025-11-07 12:34:09
binladen4.jpeg,Screenshot 2025-08-01 alle 13.52.56.png,18.13,0.163734,BASSA,e2907a462828d3ebdb702afa82c4f8c85e05448458d70b3032584eb12d3bedc4,098e7c6eae43a6b00ebbd41d8ff8d19105d3f0484d78501cf136b73ef023aa4e,2025-11-07 12:34:09
binladen4.jpeg,Screenshot 2025-08-01 alle 13.53.48.png,41.57,0.116856,BASSA,e2907a462828d3ebdb702afa82c4f8c85e05448458d70b3032584eb12d3bedc4,0b00eed42d89e2440afb8132042562aba3ce5e3bfff6a3c76603bd0a96128f7e,2025-11-07 12:34:09
binladen4.jpeg,Screenshot 2025-08-01 alle 13.54.40.png,37.59,0.124813,BASSA,e2907a462828d3ebdb702afa82c4f8c85e05448458d70b3032584eb12d3bedc4,39bff86f581ee3f2a1bbf4f944fcdb18c8817c2fe5d39c0204c8ed746d51a3c0,2025-11-07 12:34:09
binladen4.jpeg,Screenshot 2025-08-01 alle 13.56.35.png,41.31,0.117386,BASSA,e2907a462828d3ebdb702afa82c4f8c85e05448458d70b3032584eb12d3bedc4,bfd673a79eedc76332c08959a5e7b09c4ce7b19a9243152783a4d90b21487337,2025-11-07 12:34:10
binladen4.jpeg,Screenshot 2025-08-01 alle 13.58.21.png,0.00,0.215627,BASSA,e2907a462828d3ebdb702afa82c4f8c85e05448458d70b3032584eb12d3bedc4,830bee7c133c945a6807c527846d6720eacda99642ce7499f6dc8e7a88782e1f,2025-11-07 12:34:10
binladen4.jpeg,Screenshot 2025-09-01 alle 11.01.47.png,0.00,0.206905,BASSA,e2907a462828d3ebdb702afa82c4f8c85e05448458d70b3032584eb12d3bedc4,36cb577ba29589e48fd51d916f744a48cbc5e8a443f69487ee79d94f42a9ddc9,2025-11-07 12:34:10
binladen4.jpeg,binLaden2.jpeg,21.26,0.157490,BASSA,e2907a462828d3ebdb702afa82c4f8c85e05448458d70b3032584eb12d3bedc4,5825ebe1e85120f0a77e800572a2843aded541bfa3410916f128e0fb37f1b5d4,2025-11-07 12:34:11
binladen4.jpeg,binladen1.jpeg,34.40,0.131205,BASSA,e2907a462828d3ebdb702afa82c4f8c85e05448458d70b3032584eb12d3bedc4,f4547c883291b0a64f0f83570a5a2a7ef8919c662dcf03394d7f128d4bffb9f4,2025-11-07 12:34:11
binladen4.jpeg,binladen3.jpeg,56.98,0.086042,BASSA,e2907a462828d3ebdb702afa82c4f8c85e05448458d70b3032584eb12d3bedc4,5a432f19d4683810f9950d196f138c5a999aa2a3e511bc6503c8bfead1e1e0f2,2025-11-07 12:34:11
binladen4.jpeg,binladen4.jpeg,100.00,0.000000,ALTA,e2907a462828d3ebdb702afa82c4f8c85e05448458d70b3032584eb12d3bedc4,e2907a462828d3ebdb702afa82c4f8c85e05448458d70b3032584eb12d3bedc4,2025-11-07 12:34:11
binladen4.jpeg,binladen5.jpeg,0.00,0.231337,BASSA,e2907a462828d3ebdb702afa82c4f8c85e05448458d70b3032584eb12d3bedc4,49ad86c7f9e938a96dc666fa08a888073c59278c5c047cdf7da3c7aedcdc9364,2025-11-07 12:34:11
binladen4.jpeg,binladen6.jpeg,8.19,0.183610,BASSA,e2907a462828d3ebdb702afa82c4f8c85e05448458d70b3032584eb12d3bedc4,a2ff8dc1717b749229150ccaf7c6b10abc8ed5b20bbcd87df8d0574b15329812,2025-11-07 12:34:11
binladen4.jpeg,img-iUoulrLDBXxZSCCgsMCcJA7h.png,0.00,0.363664,BASSA,e2907a462828d3ebdb702afa82c4f8c85e05448458d70b3032584eb12d3bedc4,7cef67bcce204d4b0ab1da298f4feceb5d260abcc3eb7ad7555b504befaa8445,2025-11-07 12:34:12
binladen4.jpeg,monicaBellucci1.jpeg,32.85,0.134291,BASSA,e2907a462828d3ebdb702afa82c4f8c85e05448458d70b3032584eb12d3bedc4,fdb9b6bc699243d3b6de43cfbb96522ee3a34a31eb562467c80ccadee9ba8ac8,2025-11-07 12:34:12
binladen4.jpeg,monicaBellucci4.jpeg,31.20,0.137594,BASSA,e2907a462828d3ebdb702afa82c4f8c85e05448458d70b3032584eb12d3bedc4,b0097f0efac0119faca983e662fa3dbff2680c692878ce27cc92794f58993e43,2025-11-07 12:34:12
binladen5.jpeg,20250226-211959.png,0.00,0.211932,BASSA,49ad86c7f9e938a96dc666fa08a888073c59278c5c047cdf7da3c7aedcdc9364,0c660d2f49b31b59bd010f00349a1f2b346f10755767c48f0bc5bf7c245303a4,2025-11-07 12:34:14
binladen5.jpeg,20250226-212105.png,0.00,0.356808,BASSA,49ad86c7f9e938a96dc666fa08a888073c59278c5c047cdf7da3c7aedcdc9364,06ad541ac9252e7bc887bbd8cd0f8af159b89a980949244892b7bfe63cef0062,2025-11-07 12:34:14
binladen5.jpeg,20250226-212408.png,29.61,0.140790,BASSA,49ad86c7f9e938a96dc666fa08a888073c59278c5c047cdf7da3c7aedcdc9364,93c6cd89f6e44b083c17f8c913e4e64638dd00454fb00265e89a74ed489ff120,2025-11-07 12:34:14
binladen5.jpeg,20250226-212511.png,0.00,0.360205,BASSA,49ad86c7f9e938a96dc666fa08a888073c59278c5c047cdf7da3c7aedcdc9364,3fcb58b8483a43b19af9ad3e17a84051e98919e4f91dd178208f3a289a936ffd,2025-11-07 12:34:14
binladen5.jpeg,20250226-212621.png,9.03,0.181933,BASSA,49ad86c7f9e938a96dc666fa08a888073c59278c5c047cdf7da3c7aedcdc9364,b8d09609f936581737fa478406cd1072c44c150a46658991782e6aaa5e7e1ee1,2025-11-07 12:34:14
binladen5.jpeg,20250226-213437.png,23.54,0.152917,BASSA,49ad86c7f9e938a96dc666fa08a888073c59278c5c047cdf7da3c7aedcdc9364,26de2165e0de62c4b5128229da9a1dbb6cf444446b380f346dbfac743042eb8f,2025-11-07 12:34:14
binladen5.jpeg,20250303-212328.png,10.68,0.178630,BASSA,49ad86c7f9e938a96dc666fa08a888073c59278c5c047cdf7da3c7aedcdc9364,23b81d0d69a2dfdfc3e54cb2e9d7fcc5c0cdffffef57e9c28629dc6e6fe28370,2025-11-07 12:34:15
binladen5.jpeg,20250303-212457.png,5.15,0.189693,BASSA,49ad86c7f9e938a96dc666fa08a888073c59278c5c047cdf7da3c7aedcdc9364,920e52656b2dae911921a3cb79320a6b2eaf71927ce27d9aa9f5b37065637f9d,2025-11-07 12:34:15
binladen5.jpeg,20250303-212612.png,0.00,0.414598,BASSA,49ad86c7f9e938a96dc666fa08a888073c59278c5c047cdf7da3c7aedcdc9364,7f69d1384cc26f8e5943bcb3351cfa639eaa667c588a81d898fe71f2f3c0baa7,2025-11-07 12:34:15
binladen5.jpeg,20250303-212751.png,0.00,0.211435,BASSA,49ad86c7f9e938a96dc666fa08a888073c59278c5c047cdf7da3c7aedcdc9364,74d7700ffd243f63f760c9e6103c3f223e753797c64d4e23d40b26c8fb06c4e0,2025-11-07 12:34:16
binladen5.jpeg,20250304_005321_foto_webcam.png,0.00,0.203932,BASSA,49ad86c7f9e938a96dc666fa08a888073c59278c5c047cdf7da3c7aedcdc9364,f59720430518f083f9a664d021aae3924e36b6422c573c42b01d1a82cc7c2986,2025-11-07 12:34:16
binladen5.jpeg,20250304_005813_foto_webcam.png,0.00,0.244630,BASSA,49ad86c7f9e938a96dc666fa08a888073c59278c5c047cdf7da3c7aedcdc9364,f1b4f16488748c3cc6b20d51ea1deff57500e928c40f22b6aaf01a340ce2c0b8,2025-11-07 12:34:16
binladen5.jpeg,20250304_005813_foto_webcam_modificata.png,0.00,0.244247,BASSA,49ad86c7f9e938a96dc666fa08a888073c59278c5c047cdf7da3c7aedcdc9364,c187fa8ab2f2dcff5e6a30af8ff9f98c56f26c024fae4fcea50c618f05a184a7,2025-11-07 12:34:16
binladen5.jpeg,20250304_010505_foto_webcam.png,3.73,0.192531,BASSA,49ad86c7f9e938a96dc666fa08a888073c59278c5c047cdf7da3c7aedcdc9364,86ceb045ca73c7a5d06e36b97ead2bca92a7c14d1ef448703f09cec745c120e2,2025-11-07 12:34:16
binladen5.jpeg,20250304_010505_foto_webcam_migliorata.png,1.84,0.196318,BASSA,49ad86c7f9e938a96dc666fa08a888073c59278c5c047cdf7da3c7aedcdc9364,81dc5584b7cc736330a5302d6178b22ce6872948202167ee14eb2b8fe5338647,2025-11-07 12:34:16
binladen5.jpeg,20250304_010727_foto_webcam.png,0.00,0.201412,BASSA,49ad86c7f9e938a96dc666fa08a888073c59278c5c047cdf7da3c7aedcdc9364,c6384255c2bb816690671b2bb586395e7d6dc8d1dd857d929c3e0bdfe079c1c0,2025-11-07 12:34:16
binladen5.jpeg,20250304_010727_foto_webcam_migliorata.png,0.83,0.198338,BASSA,49ad86c7f9e938a96dc666fa08a888073c59278c5c047cdf7da3c7aedcdc9364,890001b7418d88d1f149f6c396d0f25a659039ee9bb92267cb11625b3921e5b4,2025-11-07 12:34:16
binladen5.jpeg,20250306_144623_disegno.png,0.00,0.282924,BASSA,49ad86c7f9e938a96dc666fa08a888073c59278c5c047cdf7da3c7aedcdc9364,e79d3d309bf8ef301afe0fb4e3337032fa9415afd4b6d62d1e959254be70c189,2025-11-07 12:34:21
binladen5.jpeg,20250310125318.jpg,0.00,0.444815,BASSA,49ad86c7f9e938a96dc666fa08a888073c59278c5c047cdf7da3c7aedcdc9364,ddb153a258ad01bbc7b97204179481e4574ab0c5111f4600c4a799b2bbc3f87b,2025-11-07 12:34:21
binladen5.jpeg,MonicaBellucci2.jpeg,59.67,0.080662,BASSA,49ad86c7f9e938a96dc666fa08a888073c59278c5c047cdf7da3c7aedcdc9364,4e197f89161d043832726a3832b78653ba17f2578784903501d7f94de6a53efb,2025-11-07 12:34:22
binladen5.jpeg,MonicaBellucci3.jpeg,0.00,0.269152,BASSA,49ad86c7f9e938a96dc666fa08a888073c59278c5c047cdf7da3c7aedcdc9364,fb87a2b5c10a2ecb248ba804654e151be77ba6806d6f3401f044cdf000558984,2025-11-07 12:34:22
binladen5.jpeg,Screenshot 2025-08-01 alle 13.48.10.png,44.97,0.110050,BASSA,49ad86c7f9e938a96dc666fa08a888073c59278c5c047cdf7da3c7aedcdc9364,15d6de14f645dac1081579521b20bf560de5333bf01f4c77c9aea501c0b1c039,2025-11-07 12:34:58
binladen5.jpeg,Screenshot 2025-08-01 alle 13.48.50.png,27.86,0.144273,BASSA,49ad86c7f9e938a96dc666fa08a888073c59278c5c047cdf7da3c7aedcdc9364,9cbb8ae409563ebcdd981fb78a80df74f4245a28a0dbf4e1a0c20f2c8c3bb1f9,2025-11-07 12:34:58
binladen5.jpeg,Screenshot 2025-08-01 alle 13.49.27.png,39.75,0.120492,BASSA,49ad86c7f9e938a96dc666fa08a888073c59278c5c047cdf7da3c7aedcdc9364,3cef4d2111a004c9df2d2543296dbb336b7832ff893e8004334984924e79cf7e,2025-11-07 12:34:58
binladen5.jpeg,Screenshot 2025-08-01 alle 13.50.22.png,20.42,0.159157,BASSA,49ad86c7f9e938a96dc666fa08a888073c59278c5c047cdf7da3c7aedcdc9364,036b35d744ae52a0acb78e6803f6d8fb582a342ac0637dd3c05c5b8150ed2f51,2025-11-07 12:34:59
binladen5.jpeg,Screenshot 2025-08-01 alle 13.50.30.png,25.05,0.149908,BASSA,49ad86c7f9e938a96dc666fa08a888073c59278c5c047cdf7da3c7aedcdc9364,829e1b6745badf2689191df70e73ad757a9943ae1ccdd3d95f84c0bacbf7d51e,2025-11-07 12:34:59
binladen5.jpeg,Screenshot 2025-08-01 alle 13.51.20.png,17.16,0.165687,BASSA,49ad86c7f9e938a96dc666fa08a888073c59278c5c047cdf7da3c7aedcdc9364,721a6b56eb984fc4685c8720caca7ef1a5db299ddc1b95a8fe625a61979ea0c3,2025-11-07 12:34:59
binladen5.jpeg,Screenshot 2025-08-01 alle 13.52.56.png,12.75,0.174493,BASSA,49ad86c7f9e938a96dc666fa08a888073c59278c5c047cdf7da3c7aedcdc9364,098e7c6eae43a6b00ebbd41d8ff8d19105d3f0484d78501cf136b73ef023aa4e,2025-11-07 12:35:00
binladen5.jpeg,Screenshot 2025-08-01 alle 13.53.48.png,7.75,0.184498,BASSA,49ad86c7f9e938a96dc666fa08a888073c59278c5c047cdf7da3c7aedcdc9364,0b00eed42d89e2440afb8132042562aba3ce5e3bfff6a3c76603bd0a96128f7e,2025-11-07 12:35:00
binladen5.jpeg,Screenshot 2025-08-01 alle 13.54.40.png,13.37,0.173268,BASSA,49ad86c7f9e938a96dc666fa08a888073c59278c5c047cdf7da3c7aedcdc9364,39bff86f581ee3f2a1bbf4f944fcdb18c8817c2fe5d39c0204c8ed746d51a3c0,2025-11-07 12:35:00
binladen5.jpeg,Screenshot 2025-08-01 alle 13.56.35.png,14.99,0.170017,BASSA,49ad86c7f9e938a96dc666fa08a888073c59278c5c047cdf7da3c7aedcdc9364,bfd673a79eedc76332c08959a5e7b09c4ce7b19a9243152783a4d90b21487337,2025-11-07 12:35:01
binladen5.jpeg,Screenshot 2025-08-01 alle 13.58.21.png,0.00,0.204840,BASSA,49ad86c7f9e938a96dc666fa08a888073c59278c5c047cdf7da3c7aedcdc9364,830bee7c133c945a6807c527846d6720eacda99642ce7499f6dc8e7a88782e1f,2025-11-07 12:35:01
binladen5.jpeg,Screenshot 2025-09-01 alle 11.01.47.png,7.64,0.184711,BASSA,49ad86c7f9e938a96dc666fa08a888073c59278c5c047cdf7da3c7aedcdc9364,36cb577ba29589e48fd51d916f744a48cbc5e8a443f69487ee79d94f42a9ddc9,2025-11-07 12:35:01
binladen5.jpeg,binLaden2.jpeg,52.89,0.094215,BASSA,49ad86c7f9e938a96dc666fa08a888073c59278c5c047cdf7da3c7aedcdc9364,5825ebe1e85120f0a77e800572a2843aded541bfa3410916f128e0fb37f1b5d4,2025-11-07 12:35:02
binladen5.jpeg,binladen1.jpeg,5.67,0.188663,BASSA,49ad86c7f9e938a96dc666fa08a888073c59278c5c047cdf7da3c7aedcdc9364,f4547c883291b0a64f0f83570a5a2a7ef8919c662dcf03394d7f128d4bffb9f4,2025-11-07 12:35:02
binladen5.jpeg,binladen3.jpeg,0.00,0.243058,BASSA,49ad86c7f9e938a96dc666fa08a888073c59278c5c047cdf7da3c7aedcdc9364,5a432f19d4683810f9950d196f138c5a999aa2a3e511bc6503c8bfead1e1e0f2,2025-11-07 12:35:02
binladen5.jpeg,binladen4.jpeg,0.00,0.231337,BASSA,49ad86c7f9e938a96dc666fa08a888073c59278c5c047cdf7da3c7aedcdc9364,e2907a462828d3ebdb702afa82c4f8c85e05448458d70b3032584eb12d3bedc4,2025-11-07 12:35:02
binladen5.jpeg,binladen5.jpeg,100.00,0.000000,ALTA,49ad86c7f9e938a96dc666fa08a888073c59278c5c047cdf7da3c7aedcdc9364,49ad86c7f9e938a96dc666fa08a888073c59278c5c047cdf7da3c7aedcdc9364,2025-11-07 12:35:02
binladen5.jpeg,binladen6.jpeg,0.00,0.209904,BASSA,49ad86c7f9e938a96dc666fa08a888073c59278c5c047cdf7da3c7aedcdc9364,a2ff8dc1717b749229150ccaf7c6b10abc8ed5b20bbcd87df8d0574b15329812,2025-11-07 12:35:02
binladen5.jpeg,img-iUoulrLDBXxZSCCgsMCcJA7h.png,0.00,0.388072,BASSA,49ad86c7f9e938a96dc666fa08a888073c59278c5c047cdf7da3c7aedcdc9364,7cef67bcce204d4b0ab1da298f4feceb5d260abcc3eb7ad7555b504befaa8445,2025-11-07 12:35:03
binladen5.jpeg,monicaBellucci1.jpeg,1.41,0.197179,BASSA,49ad86c7f9e938a96dc666fa08a888073c59278c5c047cdf7da3c7aedcdc9364,fdb9b6bc699243d3b6de43cfbb96522ee3a34a31eb562467c80ccadee9ba8ac8,2025-11-07 12:35:03
binladen5.jpeg,monicaBellucci4.jpeg,18.64,0.162723,BASSA,49ad86c7f9e938a96dc666fa08a888073c59278c5c047cdf7da3c7aedcdc9364,b0097f0efac0119faca983e662fa3dbff2680c692878ce27cc92794f58993e43,2025-11-07 12:35:03
binladen6.jpeg,20250226-211959.png,0.00,0.253779,BASSA,a2ff8dc1717b749229150ccaf7c6b10abc8ed5b20bbcd87df8d0574b15329812,0c660d2f49b31b59bd010f00349a1f2b346f10755767c48f0bc5bf7c245303a4,2025-11-07 12:35:04
binladen6.jpeg,20250226-212105.png,0.00,0.227276,BASSA,a2ff8dc1717b749229150ccaf7c6b10abc8ed5b20bbcd87df8d0574b15329812,06ad541ac9252e7bc887bbd8cd0f8af159b89a980949244892b7bfe63cef0062,2025-11-07 12:35:05
binladen6.jpeg,20250226-212408.png,0.00,0.326671,BASSA,a2ff8dc1717b749229150ccaf7c6b10abc8ed5b20bbcd87df8d0574b15329812,93c6cd89f6e44b083c17f8c913e4e64638dd00454fb00265e89a74ed489ff120,2025-11-07 12:35:05
binladen6.jpeg,20250226-212511.png,0.00,0.286324,BASSA,a2ff8dc1717b749229150ccaf7c6b10abc8ed5b20bbcd87df8d0574b15329812,3fcb58b8483a43b19af9ad3e17a84051e98919e4f91dd178208f3a289a936ffd,2025-11-07 12:35:05
binladen6.jpeg,20250226-212621.png,0.00,0.362188,BASSA,a2ff8dc1717b749229150ccaf7c6b10abc8ed5b20bbcd87df8d0574b15329812,b8d09609f936581737fa478406cd1072c44c150a46658991782e6aaa5e7e1ee1,2025-11-07 12:35:05
binladen6.jpeg,20250226-213437.png,48.97,0.102063,BASSA,a2ff8dc1717b749229150ccaf7c6b10abc8ed5b20bbcd87df8d0574b15329812,26de2165e0de62c4b5128229da9a1dbb6cf444446b380f346dbfac743042eb8f,2025-11-07 12:35:05
binladen6.jpeg,20250303-212328.png,0.00,0.333613,BASSA,a2ff8dc1717b749229150ccaf7c6b10abc8ed5b20bbcd87df8d0574b15329812,23b81d0d69a2dfdfc3e54cb2e9d7fcc5c0cdffffef57e9c28629dc6e6fe28370,2025-11-07 12:35:06
binladen6.jpeg,20250303-212457.png,1.16,0.197686,BASSA,a2ff8dc1717b749229150ccaf7c6b10abc8ed5b20bbcd87df8d0574b15329812,920e52656b2dae911921a3cb79320a6b2eaf71927ce27d9aa9f5b37065637f9d,2025-11-07 12:35:06
binladen6.jpeg,20250303-212612.png,0.00,0.392202,BASSA,a2ff8dc1717b749229150ccaf7c6b10abc8ed5b20bbcd87df8d0574b15329812,7f69d1384cc26f8e5943bcb3351cfa639eaa667c588a81d898fe71f2f3c0baa7,2025-11-07 12:35:06
binladen6.jpeg,20250303-212751.png,12.08,0.175845,BASSA,a2ff8dc1717b749229150ccaf7c6b10abc8ed5b20bbcd87df8d0574b15329812,74d7700ffd243f63f760c9e6103c3f223e753797c64d4e23d40b26c8fb06c4e0,2025-11-07 12:35:06
binladen6.jpeg,20250304_005321_foto_webcam.png,71.88,0.056239,MEDIA,a2ff8dc1717b749229150ccaf7c6b10abc8ed5b20bbcd87df8d0574b15329812,f59720430518f083f9a664d021aae3924e36b6422c573c42b01d1a82cc7c2986,2025-11-07 12:35:06
binladen6.jpeg,20250304_005813_foto_webcam.png,69.37,0.061257,MEDIA,a2ff8dc1717b749229150ccaf7c6b10abc8ed5b20bbcd87df8d0574b15329812,f1b4f16488748c3cc6b20d51ea1deff57500e928c40f22b6aaf01a340ce2c0b8,2025-11-07 12:35:07
binladen6.jpeg,20250304_005813_foto_webcam_modificata.png,69.75,0.060505,MEDIA,a2ff8dc1717b749229150ccaf7c6b10abc8ed5b20bbcd87df8d0574b15329812,c187fa8ab2f2dcff5e6a30af8ff9f98c56f26c024fae4fcea50c618f05a184a7,2025-11-07 12:35:07
binladen6.jpeg,20250304_010505_foto_webcam.png,73.97,0.052063,MEDIA,a2ff8dc1717b749229150ccaf7c6b10abc8ed5b20bbcd87df8d0574b15329812,86ceb045ca73c7a5d06e36b97ead2bca92a7c14d1ef448703f09cec745c120e2,2025-11-07 12:35:07
binladen6.jpeg,20250304_010505_foto_webcam_migliorata.png,75.18,0.049637,MEDIA,a2ff8dc1717b749229150ccaf7c6b10abc8ed5b20bbcd87df8d0574b15329812,81dc5584b7cc736330a5302d6178b22ce6872948202167ee14eb2b8fe5338647,2025-11-07 12:35:07
binladen6.jpeg,20250304_010727_foto_webcam.png,29.18,0.141643,BASSA,a2ff8dc1717b749229150ccaf7c6b10abc8ed5b20bbcd87df8d0574b15329812,c6384255c2bb816690671b2bb586395e7d6dc8d1dd857d929c3e0bdfe079c1c0,2025-11-07 12:35:07
binladen6.jpeg,20250304_010727_foto_webcam_migliorata.png,30.52,0.138952,BASSA,a2ff8dc1717b749229150ccaf7c6b10abc8ed5b20bbcd87df8d0574b15329812,890001b7418d88d1f149f6c396d0f25a659039ee9bb92267cb11625b3921e5b4,2025-11-07 12:35:07
binladen6.jpeg,20250306_144623_disegno.png,0.00,0.356475,BASSA,a2ff8dc1717b749229150ccaf7c6b10abc8ed5b20bbcd87df8d0574b15329812,e79d3d309bf8ef301afe0fb4e3337032fa9415afd4b6d62d1e959254be70c189,2025-11-07 12:35:12
binladen6.jpeg,20250310125318.jpg,0.00,0.365818,BASSA,a2ff8dc1717b749229150ccaf7c6b10abc8ed5b20bbcd87df8d0574b15329812,ddb153a258ad01bbc7b97204179481e4574ab0c5111f4600c4a799b2bbc3f87b,2025-11-07 12:35:12
binladen6.jpeg,MonicaBellucci2.jpeg,14.49,0.171026,BASSA,a2ff8dc1717b749229150ccaf7c6b10abc8ed5b20bbcd87df8d0574b15329812,4e197f89161d043832726a3832b78653ba17f2578784903501d7f94de6a53efb,2025-11-07 12:35:13
binladen6.jpeg,MonicaBellucci3.jpeg,0.00,0.343064,BASSA,a2ff8dc1717b749229150ccaf7c6b10abc8ed5b20bbcd87df8d0574b15329812,fb87a2b5c10a2ecb248ba804654e151be77ba6806d6f3401f044cdf000558984,2025-11-07 12:35:13
binladen6.jpeg,Screenshot 2025-08-01 alle 13.48.10.png,21.77,0.156463,BASSA,a2ff8dc1717b749229150ccaf7c6b10abc8ed5b20bbcd87df8d0574b15329812,15d6de14f645dac1081579521b20bf560de5333bf01f4c77c9aea501c0b1c039,2025-11-07 12:35:50
binladen6.jpeg,Screenshot 2025-08-01 alle 13.48.50.png,32.45,0.135092,BASSA,a2ff8dc1717b749229150ccaf7c6b10abc8ed5b20bbcd87df8d0574b15329812,9cbb8ae409563ebcdd981fb78a80df74f4245a28a0dbf4e1a0c20f2c8c3bb1f9,2025-11-07 12:35:50
binladen6.jpeg,Screenshot 2025-08-01 alle 13.49.27.png,23.82,0.152369,BASSA,a2ff8dc1717b749229150ccaf7c6b10abc8ed5b20bbcd87df8d0574b15329812,3cef4d2111a004c9df2d2543296dbb336b7832ff893e8004334984924e79cf7e,2025-11-07 12:35:51
binladen6.jpeg,Screenshot 2025-08-01 alle 13.50.22.png,64.21,0.071571,MEDIA,a2ff8dc1717b749229150ccaf7c6b10abc8ed5b20bbcd87df8d0574b15329812,036b35d744ae52a0acb78e6803f6d8fb582a342ac0637dd3c05c5b8150ed2f51,2025-11-07 12:35:51
binladen6.jpeg,Screenshot 2025-08-01 alle 13.50.30.png,51.07,0.097869,BASSA,a2ff8dc1717b749229150ccaf7c6b10abc8ed5b20bbcd87df8d0574b15329812,829e1b6745badf2689191df70e73ad757a9943ae1ccdd3d95f84c0bacbf7d51e,2025-11-07 12:35:51
binladen6.jpeg,Screenshot 2025-08-01 alle 13.51.20.png,74.29,0.051411,MEDIA,a2ff8dc1717b749229150ccaf7c6b10abc8ed5b20bbcd87df8d0574b15329812,721a6b56eb984fc4685c8720caca7ef1a5db299ddc1b95a8fe625a61979ea0c3,2025-11-07 12:35:52
binladen6.jpeg,Screenshot 2025-08-01 alle 13.52.56.png,77.83,0.044339,MEDIA,a2ff8dc1717b749229150ccaf7c6b10abc8ed5b20bbcd87df8d0574b15329812,098e7c6eae43a6b00ebbd41d8ff8d19105d3f0484d78501cf136b73ef023aa4e,2025-11-07 12:35:52
binladen6.jpeg,Screenshot 2025-08-01 alle 13.53.48.png,62.60,0.074803,MEDIA,a2ff8dc1717b749229150ccaf7c6b10abc8ed5b20bbcd87df8d0574b15329812,0b00eed42d89e2440afb8132042562aba3ce5e3bfff6a3c76603bd0a96128f7e,2025-11-07 12:35:52
binladen6.jpeg,Screenshot 2025-08-01 alle 13.54.40.png,64.96,0.070089,MEDIA,a2ff8dc1717b749229150ccaf7c6b10abc8ed5b20bbcd87df8d0574b15329812,39bff86f581ee3f2a1bbf4f944fcdb18c8817c2fe5d39c0204c8ed746d51a3c0,2025-11-07 12:35:53
binladen6.jpeg,Screenshot 2025-08-01 alle 13.56.35.png,60.62,0.078766,MEDIA,a2ff8dc1717b749229150ccaf7c6b10abc8ed5b20bbcd87df8d0574b15329812,bfd673a79eedc76332c08959a5e7b09c4ce7b19a9243152783a4d90b21487337,2025-11-07 12:35:53
binladen6.jpeg,Screenshot 2025-08-01 alle 13.58.21.png,75.84,0.048319,MEDIA,a2ff8dc1717b749229150ccaf7c6b10abc8ed5b20bbcd87df8d0574b15329812,830bee7c133c945a6807c527846d6720eacda99642ce7499f6dc8e7a88782e1f,2025-11-07 12:35:54
binladen6.jpeg,Screenshot 2025-09-01 alle 11.01.47.png,16.15,0.167700,BASSA,a2ff8dc1717b749229150ccaf7c6b10abc8ed5b20bbcd87df8d0574b15329812,36cb577ba29589e48fd51d916f744a48cbc5e8a443f69487ee79d94f42a9ddc9,2025-11-07 12:35:54
binladen6.jpeg,binLaden2.jpeg,0.00,0.204136,BASSA,a2ff8dc1717b749229150ccaf7c6b10abc8ed5b20bbcd87df8d0574b15329812,5825ebe1e85120f0a77e800572a2843aded541bfa3410916f128e0fb37f1b5d4,2025-11-07 12:35:54
binladen6.jpeg,binladen1.jpeg,71.05,0.057895,MEDIA,a2ff8dc1717b749229150ccaf7c6b10abc8ed5b20bbcd87df8d0574b15329812,f4547c883291b0a64f0f83570a5a2a7ef8919c662dcf03394d7f128d4bffb9f4,2025-11-07 12:35:54
binladen6.jpeg,binladen3.jpeg,31.64,0.136724,BASSA,a2ff8dc1717b749229150ccaf7c6b10abc8ed5b20bbcd87df8d0574b15329812,5a432f19d4683810f9950d196f138c5a999aa2a3e511bc6503c8bfead1e1e0f2,2025-11-07 12:35:54
binladen6.jpeg,binladen4.jpeg,8.19,0.183610,BASSA,a2ff8dc1717b749229150ccaf7c6b10abc8ed5b20bbcd87df8d0574b15329812,e2907a462828d3ebdb702afa82c4f8c85e05448458d70b3032584eb12d3bedc4,2025-11-07 12:35:54
binladen6.jpeg,binladen5.jpeg,0.00,0.209904,BASSA,a2ff8dc1717b749229150ccaf7c6b10abc8ed5b20bbcd87df8d0574b15329812,49ad86c7f9e938a96dc666fa08a888073c59278c5c047cdf7da3c7aedcdc9364,2025-11-07 12:35:54
binladen6.jpeg,binladen6.jpeg,100.00,0.000000,ALTA,a2ff8dc1717b749229150ccaf7c6b10abc8ed5b20bbcd87df8d0574b15329812,a2ff8dc1717b749229150ccaf7c6b10abc8ed5b20bbcd87df8d0574b15329812,2025-11-07 12:35:54
binladen6.jpeg,img-iUoulrLDBXxZSCCgsMCcJA7h.png,0.00,0.499377,BASSA,a2ff8dc1717b749229150ccaf7c6b10abc8ed5b20bbcd87df8d0574b15329812,7cef67bcce204d4b0ab1da298f4feceb5d260abcc3eb7ad7555b504befaa8445,2025-11-07 12:35:55
binladen6.jpeg,monicaBellucci1.jpeg,68.34,0.063330,MEDIA,a2ff8dc1717b749229150ccaf7c6b10abc8ed5b20bbcd87df8d0574b15329812,fdb9b6bc699243d3b6de43cfbb96522ee3a34a31eb562467c80ccadee9ba8ac8,2025-11-07 12:35:55
binladen6.jpeg,monicaBellucci4.jpeg,0.00,0.242563,BASSA,a2ff8dc1717b749229150ccaf7c6b10abc8ed5b20bbcd87df8d0574b15329812,b0097f0efac0119faca983e662fa3dbff2680c692878ce27cc92794f58993e43,2025-11-07 12:35:55
